<?xml version="1.0" encoding="utf-8" ?>
<Defs>

  <!-- Temporary hack; ranged weapons need to use the old pre-flavorful-combat system to avoid a rebalance cascade. -->
  <DamageDef>
    <defName>CannonShell</defName>
    <label>CannonShell</label>
    <workerClass>DamageWorker_AddInjury</workerClass>
    <externalViolence>true</externalViolence>
    <isExplosive>true</isExplosive>
    <deathMessage>{0} has died in an explosion.</deathMessage>
    <hediff>Shredded</hediff>
    <hediffSolid>Crack</hediffSolid>
    <harmAllLayersUntilOutside>false</harmAllLayersUntilOutside>
    <impactSoundType>Blunt</impactSoundType>
    <armorCategory>Sharp</armorCategory>
    <minDamageToFragment>30</minDamageToFragment>
    <defaultDamage>75</defaultDamage>
    <defaultStoppingPower>1.0</defaultStoppingPower>
    <defaultArmorPenetration>10.00</defaultArmorPenetration>
    <buildingDamageFactor>10</buildingDamageFactor>
    <plantDamageFactor>1</plantDamageFactor>
    <explosionAffectOutsidePartsOnly>false</explosionAffectOutsidePartsOnly>
    <explosionHeatEnergyPerCell>5</explosionHeatEnergyPerCell>
    <explosionCellMote>Mote_BlastDry</explosionCellMote>
    <explosionColorCenter>(1, 0.5, 0.3)</explosionColorCenter>
    <explosionColorEdge>(0.6, 0.5, 0.4)</explosionColorEdge>
    <soundExplosion>Explosion_Bomb</soundExplosion>
    <combatLogRules>Damage_Bomb</combatLogRules>
  </DamageDef>
  
<DamageDef>
    <defName>SolidShell</defName>
    <label>SolidShell</label>
    <workerClass>DamageWorker_AddInjury</workerClass>
    <externalViolence>true</externalViolence>
    <isExplosive>true</isExplosive>
    <deathMessage>{0} has spread into pieces</deathMessage>
    <hediff>Shredded</hediff>
    <hediffSolid>Crack</hediffSolid>
    <harmAllLayersUntilOutside>false</harmAllLayersUntilOutside>
    <impactSoundType>Blunt</impactSoundType>
    <armorCategory>Sharp</armorCategory>
    <minDamageToFragment>100</minDamageToFragment>
    <defaultDamage>200</defaultDamage>
    <defaultStoppingPower>10.0</defaultStoppingPower>
    <defaultArmorPenetration>10.00</defaultArmorPenetration>
    <buildingDamageFactor>10</buildingDamageFactor>
    <plantDamageFactor>1</plantDamageFactor>
    <explosionAffectOutsidePartsOnly>false</explosionAffectOutsidePartsOnly>
    <explosionHeatEnergyPerCell>20</explosionHeatEnergyPerCell>
    <explosionCellMote>Mote_BlastDry</explosionCellMote>
    <explosionColorCenter>(1, 0.5, 0.3)</explosionColorCenter>
    <explosionColorEdge>(0.6, 0.5, 0.4)</explosionColorEdge>
    <soundExplosion>Explosion_Bomb</soundExplosion>
    <combatLogRules>Damage_Bomb</combatLogRules>
  </DamageDef>
  
  <DamageDef>
    <defName>Damage_Dragonator</defName>
    <label>Dragonator</label>
    <workerClass>DamageWorker_Stab</workerClass>
    <externalViolence>true</externalViolence>
    <deathMessage>{0} has been stabbed into pieces</deathMessage>
    <hediff>Stab</hediff>
    <hediffSolid>Crack</hediffSolid>
    <impactSoundType>Slice</impactSoundType>
    <armorCategory>Sharp</armorCategory>
    <stabChanceOfForcedInternal>0.8</stabChanceOfForcedInternal>
    <overkillPctToDestroyPart>0.8~1.0</overkillPctToDestroyPart>
  </DamageDef>
  
  
</Defs>
